INSERT INTO BOOK_COPIES VALUES("0967697603",1,0);
INSERT INTO BOOK_COPIES VALUES("0967697603",2,1);
INSERT INTO BOOK_COPIES VALUES("0967697603",3,4);
INSERT INTO BOOK_COPIES VALUES("0967697603",4,3);
INSERT INTO BOOK_COPIES VALUES("0967697603",5,0);
INSERT INTO BOOK_COPIES VALUES("0375810609",1,2);
INSERT INTO BOOK_COPIES VALUES("0375810609",2,1);
INSERT INTO BOOK_COPIES VALUES("0375810609",3,1);
INSERT INTO BOOK_COPIES VALUES("0375810609",4,1);
INSERT INTO BOOK_COPIES VALUES("0375810609",5,2);
INSERT INTO BOOK_COPIES VALUES("0201612585",1,0);
INSERT INTO BOOK_COPIES VALUES("0201612585",2,3);
INSERT INTO BOOK_COPIES VALUES("0201612585",3,1);
INSERT INTO BOOK_COPIES VALUES("0201612585",4,4);
INSERT INTO BOOK_COPIES VALUES("0201612585",5,4);
INSERT INTO BOOK_COPIES VALUES("1861003730",1,4);
INSERT INTO BOOK_COPIES VALUES("1861003730",2,4);
INSERT INTO BOOK_COPIES VALUES("1861003730",3,2);
INSERT INTO BOOK_COPIES VALUES("1861003730",4,4);
INSERT INTO BOOK_COPIES VALUES("1861003730",5,2);
INSERT INTO BOOK_COPIES VALUES("1565927699",1,0);
INSERT INTO BOOK_COPIES VALUES("1565927699",2,0);
INSERT INTO BOOK_COPIES VALUES("1565927699",3,4);
INSERT INTO BOOK_COPIES VALUES("1565927699",4,4);
INSERT INTO BOOK_COPIES VALUES("1565927699",5,0);
INSERT INTO BOOK_COPIES VALUES("076454621X",1,3);
INSERT INTO BOOK_COPIES VALUES("076454621X",2,3);
INSERT INTO BOOK_COPIES VALUES("076454621X",3,3);
INSERT INTO BOOK_COPIES VALUES("076454621X",4,2);
INSERT INTO BOOK_COPIES VALUES("076454621X",5,2);
INSERT INTO BOOK_COPIES VALUES("0805317554",1,4);
INSERT INTO BOOK_COPIES VALUES("0805317554",2,1);
INSERT INTO BOOK_COPIES VALUES("0805317554",3,1);
INSERT INTO BOOK_COPIES VALUES("0805317554",4,1);
INSERT INTO BOOK_COPIES VALUES("0805317554",5,1);
INSERT INTO BOOK_COPIES VALUES("0935112510",1,1);
INSERT INTO BOOK_COPIES VALUES("0935112510",2,2);
INSERT INTO BOOK_COPIES VALUES("0935112510",3,4);
INSERT INTO BOOK_COPIES VALUES("0935112510",4,0);
INSERT INTO BOOK_COPIES VALUES("0935112510",5,3);
INSERT INTO BOOK_COPIES VALUES("039914563X",1,4);
INSERT INTO BOOK_COPIES VALUES("039914563X",2,3);
INSERT INTO BOOK_COPIES VALUES("039914563X",3,2);
INSERT INTO BOOK_COPIES VALUES("039914563X",4,3);
INSERT INTO BOOK_COPIES VALUES("039914563X",5,2);
INSERT INTO BOOK_COPIES VALUES("0137566107",1,3);
INSERT INTO BOOK_COPIES VALUES("0137566107",2,4);
INSERT INTO BOOK_COPIES VALUES("0137566107",3,1);
INSERT INTO BOOK_COPIES VALUES("0137566107",4,1);
INSERT INTO BOOK_COPIES VALUES("0137566107",5,4);
INSERT INTO BOOK_COPIES VALUES("0812520610",1,2);
INSERT INTO BOOK_COPIES VALUES("0812520610",2,3);
INSERT INTO BOOK_COPIES VALUES("0812520610",3,2);
INSERT INTO BOOK_COPIES VALUES("0812520610",4,2);
INSERT INTO BOOK_COPIES VALUES("0812520610",5,0);
INSERT INTO BOOK_COPIES VALUES("0385479565",1,4);
INSERT INTO BOOK_COPIES VALUES("0385479565",2,0);
INSERT INTO BOOK_COPIES VALUES("0385479565",3,2);
INSERT INTO BOOK_COPIES VALUES("0385479565",4,2);
INSERT INTO BOOK_COPIES VALUES("0385479565",5,4);
INSERT INTO BOOK_COPIES VALUES("0805057579",1,1);
INSERT INTO BOOK_COPIES VALUES("0805057579",2,4);
INSERT INTO BOOK_COPIES VALUES("0805057579",3,2);
INSERT INTO BOOK_COPIES VALUES("0805057579",4,0);
INSERT INTO BOOK_COPIES VALUES("0805057579",5,0);
INSERT INTO BOOK_COPIES VALUES("0935039031",1,2);
INSERT INTO BOOK_COPIES VALUES("0935039031",2,4);
INSERT INTO BOOK_COPIES VALUES("0935039031",3,4);
INSERT INTO BOOK_COPIES VALUES("0935039031",4,0);
INSERT INTO BOOK_COPIES VALUES("0935039031",5,0);
INSERT INTO BOOK_COPIES VALUES("0452272971",1,0);
INSERT INTO BOOK_COPIES VALUES("0452272971",2,1);
INSERT INTO BOOK_COPIES VALUES("0452272971",3,0);
INSERT INTO BOOK_COPIES VALUES("0452272971",4,2);
INSERT INTO BOOK_COPIES VALUES("0452272971",5,2);
INSERT INTO BOOK_COPIES VALUES("0151004714",1,4);
INSERT INTO BOOK_COPIES VALUES("0151004714",2,3);
INSERT INTO BOOK_COPIES VALUES("0151004714",3,1);
INSERT INTO BOOK_COPIES VALUES("0151004714",4,0);
INSERT INTO BOOK_COPIES VALUES("0151004714",5,1);
INSERT INTO BOOK_COPIES VALUES("0393314251",1,0);
INSERT INTO BOOK_COPIES VALUES("0393314251",2,1);
INSERT INTO BOOK_COPIES VALUES("0393314251",3,3);
INSERT INTO BOOK_COPIES VALUES("0393314251",4,2);
INSERT INTO BOOK_COPIES VALUES("0393314251",5,4);
INSERT INTO BOOK_COPIES VALUES("0811716937",1,3);
INSERT INTO BOOK_COPIES VALUES("0811716937",2,2);
INSERT INTO BOOK_COPIES VALUES("0811716937",3,2);
INSERT INTO BOOK_COPIES VALUES("0811716937",4,3);
INSERT INTO BOOK_COPIES VALUES("0811716937",5,3);
INSERT INTO BOOK_COPIES VALUES("0471534781",1,4);
INSERT INTO BOOK_COPIES VALUES("0471534781",2,0);
INSERT INTO BOOK_COPIES VALUES("0471534781",3,4);
INSERT INTO BOOK_COPIES VALUES("0471534781",4,0);
INSERT INTO BOOK_COPIES VALUES("0471534781",5,0);
INSERT INTO BOOK_COPIES VALUES("0688163165",1,0);
INSERT INTO BOOK_COPIES VALUES("0688163165",2,2);
INSERT INTO BOOK_COPIES VALUES("0688163165",3,4);
INSERT INTO BOOK_COPIES VALUES("0688163165",4,1);
INSERT INTO BOOK_COPIES VALUES("0688163165",5,1);
INSERT INTO BOOK_COPIES VALUES("0316154075",1,4);
INSERT INTO BOOK_COPIES VALUES("0316154075",2,1);
INSERT INTO BOOK_COPIES VALUES("0316154075",3,4);
INSERT INTO BOOK_COPIES VALUES("0316154075",4,4);
INSERT INTO BOOK_COPIES VALUES("0316154075",5,1);
INSERT INTO BOOK_COPIES VALUES("0471135615",1,4);
INSERT INTO BOOK_COPIES VALUES("0471135615",2,1);
INSERT INTO BOOK_COPIES VALUES("0471135615",3,3);
INSERT INTO BOOK_COPIES VALUES("0471135615",4,4);
INSERT INTO BOOK_COPIES VALUES("0471135615",5,3);
INSERT INTO BOOK_COPIES VALUES("0125535600",1,0);
INSERT INTO BOOK_COPIES VALUES("0125535600",2,4);
INSERT INTO BOOK_COPIES VALUES("0125535600",3,2);
INSERT INTO BOOK_COPIES VALUES("0125535600",4,3);
INSERT INTO BOOK_COPIES VALUES("0125535600",5,2);
INSERT INTO BOOK_COPIES VALUES("0156007088",1,3);
INSERT INTO BOOK_COPIES VALUES("0156007088",2,1);
INSERT INTO BOOK_COPIES VALUES("0156007088",3,3);
INSERT INTO BOOK_COPIES VALUES("0156007088",4,2);
INSERT INTO BOOK_COPIES VALUES("0156007088",5,1);
INSERT INTO BOOK_COPIES VALUES("0345370775",1,1);
INSERT INTO BOOK_COPIES VALUES("0345370775",2,4);
INSERT INTO BOOK_COPIES VALUES("0345370775",3,3);
INSERT INTO BOOK_COPIES VALUES("0345370775",4,4);
INSERT INTO BOOK_COPIES VALUES("0345370775",5,4);
INSERT INTO BOOK_COPIES VALUES("0375502025",1,1);
INSERT INTO BOOK_COPIES VALUES("0375502025",2,2);
INSERT INTO BOOK_COPIES VALUES("0375502025",3,2);
INSERT INTO BOOK_COPIES VALUES("0375502025",4,0);
INSERT INTO BOOK_COPIES VALUES("0375502025",5,3);
INSERT INTO BOOK_COPIES VALUES("0440413729",1,1);
INSERT INTO BOOK_COPIES VALUES("0440413729",2,0);
INSERT INTO BOOK_COPIES VALUES("0440413729",3,3);
INSERT INTO BOOK_COPIES VALUES("0440413729",4,3);
INSERT INTO BOOK_COPIES VALUES("0440413729",5,4);
INSERT INTO BOOK_COPIES VALUES("0072127481",1,2);
INSERT INTO BOOK_COPIES VALUES("0072127481",2,4);
INSERT INTO BOOK_COPIES VALUES("0072127481",3,4);
INSERT INTO BOOK_COPIES VALUES("0072127481",4,1);
INSERT INTO BOOK_COPIES VALUES("0072127481",5,0);
INSERT INTO BOOK_COPIES VALUES("0201379260",1,3);
INSERT INTO BOOK_COPIES VALUES("0201379260",2,2);
INSERT INTO BOOK_COPIES VALUES("0201379260",3,1);
INSERT INTO BOOK_COPIES VALUES("0201379260",4,1);
INSERT INTO BOOK_COPIES VALUES("0201379260",5,1);
INSERT INTO BOOK_COPIES VALUES("0738201960",1,2);
INSERT INTO BOOK_COPIES VALUES("0738201960",2,1);
INSERT INTO BOOK_COPIES VALUES("0738201960",3,3);
INSERT INTO BOOK_COPIES VALUES("0738201960",4,2);
INSERT INTO BOOK_COPIES VALUES("0738201960",5,1);
INSERT INTO BOOK_COPIES VALUES("0374141231",1,3);
INSERT INTO BOOK_COPIES VALUES("0374141231",2,1);
INSERT INTO BOOK_COPIES VALUES("0374141231",3,4);
INSERT INTO BOOK_COPIES VALUES("0374141231",4,4);
INSERT INTO BOOK_COPIES VALUES("0374141231",5,4);
INSERT INTO BOOK_COPIES VALUES("0882664778",1,2);
INSERT INTO BOOK_COPIES VALUES("0882664778",2,1);
INSERT INTO BOOK_COPIES VALUES("0882664778",3,3);
INSERT INTO BOOK_COPIES VALUES("0882664778",4,0);
INSERT INTO BOOK_COPIES VALUES("0882664778",5,2);
INSERT INTO BOOK_COPIES VALUES("0345350499",1,3);
INSERT INTO BOOK_COPIES VALUES("0345350499",2,1);
INSERT INTO BOOK_COPIES VALUES("0345350499",3,4);
INSERT INTO BOOK_COPIES VALUES("0345350499",4,3);
INSERT INTO BOOK_COPIES VALUES("0345350499",5,4);
INSERT INTO BOOK_COPIES VALUES("0345337662",1,4);
INSERT INTO BOOK_COPIES VALUES("0345337662",2,4);
INSERT INTO BOOK_COPIES VALUES("0345337662",3,0);
INSERT INTO BOOK_COPIES VALUES("0345337662",4,4);
INSERT INTO BOOK_COPIES VALUES("0345337662",5,2);
INSERT INTO BOOK_COPIES VALUES("0345377648",1,2);
INSERT INTO BOOK_COPIES VALUES("0345377648",2,3);
INSERT INTO BOOK_COPIES VALUES("0345377648",3,1);
INSERT INTO BOOK_COPIES VALUES("0345377648",4,3);
INSERT INTO BOOK_COPIES VALUES("0345377648",5,2);
INSERT INTO BOOK_COPIES VALUES("0674003306",1,3);
INSERT INTO BOOK_COPIES VALUES("0674003306",2,2);
INSERT INTO BOOK_COPIES VALUES("0674003306",3,1);
INSERT INTO BOOK_COPIES VALUES("0674003306",4,1);
INSERT INTO BOOK_COPIES VALUES("0674003306",5,1);
INSERT INTO BOOK_COPIES VALUES("0072127317",1,2);
INSERT INTO BOOK_COPIES VALUES("0072127317",2,4);
INSERT INTO BOOK_COPIES VALUES("0072127317",3,4);
INSERT INTO BOOK_COPIES VALUES("0072127317",4,2);
INSERT INTO BOOK_COPIES VALUES("0072127317",5,3);
INSERT INTO BOOK_COPIES VALUES("1584500492",1,1);
INSERT INTO BOOK_COPIES VALUES("1584500492",2,2);
INSERT INTO BOOK_COPIES VALUES("1584500492",3,1);
INSERT INTO BOOK_COPIES VALUES("1584500492",4,1);
INSERT INTO BOOK_COPIES VALUES("1584500492",5,1);
INSERT INTO BOOK_COPIES VALUES("0671047310",1,2);
INSERT INTO BOOK_COPIES VALUES("0671047310",2,4);
INSERT INTO BOOK_COPIES VALUES("0671047310",3,1);
INSERT INTO BOOK_COPIES VALUES("0671047310",4,0);
INSERT INTO BOOK_COPIES VALUES("0671047310",5,2);
INSERT INTO BOOK_COPIES VALUES("0312965095",1,4);
INSERT INTO BOOK_COPIES VALUES("0312965095",2,0);
INSERT INTO BOOK_COPIES VALUES("0312965095",3,2);
INSERT INTO BOOK_COPIES VALUES("0312965095",4,1);
INSERT INTO BOOK_COPIES VALUES("0312965095",5,3);
INSERT INTO BOOK_COPIES VALUES("0553577476",1,4);
INSERT INTO BOOK_COPIES VALUES("0553577476",2,1);
INSERT INTO BOOK_COPIES VALUES("0553577476",3,1);
INSERT INTO BOOK_COPIES VALUES("0553577476",4,4);
INSERT INTO BOOK_COPIES VALUES("0553577476",5,4);
INSERT INTO BOOK_COPIES VALUES("0531164497",1,3);
INSERT INTO BOOK_COPIES VALUES("0531164497",2,1);
INSERT INTO BOOK_COPIES VALUES("0531164497",3,0);
INSERT INTO BOOK_COPIES VALUES("0531164497",4,2);
INSERT INTO BOOK_COPIES VALUES("0531164497",5,1);
INSERT INTO BOOK_COPIES VALUES("0812520629",1,1);
INSERT INTO BOOK_COPIES VALUES("0812520629",2,0);
INSERT INTO BOOK_COPIES VALUES("0812520629",3,1);
INSERT INTO BOOK_COPIES VALUES("0812520629",4,4);
INSERT INTO BOOK_COPIES VALUES("0812520629",5,4);
INSERT INTO BOOK_COPIES VALUES("0688069711",1,1);
INSERT INTO BOOK_COPIES VALUES("0688069711",2,0);
INSERT INTO BOOK_COPIES VALUES("0688069711",3,4);
INSERT INTO BOOK_COPIES VALUES("0688069711",4,3);
INSERT INTO BOOK_COPIES VALUES("0688069711",5,4);
INSERT INTO BOOK_COPIES VALUES("0932813739",1,2);
INSERT INTO BOOK_COPIES VALUES("0932813739",2,0);
INSERT INTO BOOK_COPIES VALUES("0932813739",3,3);
INSERT INTO BOOK_COPIES VALUES("0932813739",4,2);
INSERT INTO BOOK_COPIES VALUES("0932813739",5,4);
INSERT INTO BOOK_COPIES VALUES("0961549890",1,4);
INSERT INTO BOOK_COPIES VALUES("0961549890",2,1);
INSERT INTO BOOK_COPIES VALUES("0961549890",3,2);
INSERT INTO BOOK_COPIES VALUES("0961549890",4,0);
INSERT INTO BOOK_COPIES VALUES("0961549890",5,1);
INSERT INTO BOOK_COPIES VALUES("0789404257",1,1);
INSERT INTO BOOK_COPIES VALUES("0789404257",2,0);
INSERT INTO BOOK_COPIES VALUES("0789404257",3,2);
INSERT INTO BOOK_COPIES VALUES("0789404257",4,0);
INSERT INTO BOOK_COPIES VALUES("0789404257",5,1);
INSERT INTO BOOK_COPIES VALUES("0449911942",1,2);
INSERT INTO BOOK_COPIES VALUES("0449911942",2,0);
INSERT INTO BOOK_COPIES VALUES("0449911942",3,1);
INSERT INTO BOOK_COPIES VALUES("0449911942",4,1);
INSERT INTO BOOK_COPIES VALUES("0449911942",5,2);
INSERT INTO BOOK_COPIES VALUES("0393316009",1,1);
INSERT INTO BOOK_COPIES VALUES("0393316009",2,0);
INSERT INTO BOOK_COPIES VALUES("0393316009",3,1);
INSERT INTO BOOK_COPIES VALUES("0393316009",4,4);
INSERT INTO BOOK_COPIES VALUES("0393316009",5,4);
INSERT INTO BOOK_COPIES VALUES("067976674X",1,2);
INSERT INTO BOOK_COPIES VALUES("067976674X",2,1);
INSERT INTO BOOK_COPIES VALUES("067976674X",3,0);
INSERT INTO BOOK_COPIES VALUES("067976674X",4,3);
INSERT INTO BOOK_COPIES VALUES("067976674X",5,0);
INSERT INTO BOOK_COPIES VALUES("0471597619",1,4);
INSERT INTO BOOK_COPIES VALUES("0471597619",2,0);
INSERT INTO BOOK_COPIES VALUES("0471597619",3,3);
INSERT INTO BOOK_COPIES VALUES("0471597619",4,2);
INSERT INTO BOOK_COPIES VALUES("0471597619",5,2);
INSERT INTO BOOK_COPIES VALUES("0030303370",1,3);
INSERT INTO BOOK_COPIES VALUES("0030303370",2,3);
INSERT INTO BOOK_COPIES VALUES("0030303370",3,4);
INSERT INTO BOOK_COPIES VALUES("0030303370",4,4);
INSERT INTO BOOK_COPIES VALUES("0030303370",5,3);
INSERT INTO BOOK_COPIES VALUES("0810961695",1,2);
INSERT INTO BOOK_COPIES VALUES("0810961695",2,2);
INSERT INTO BOOK_COPIES VALUES("0810961695",3,2);
INSERT INTO BOOK_COPIES VALUES("0810961695",4,0);
INSERT INTO BOOK_COPIES VALUES("0810961695",5,2);
INSERT INTO BOOK_COPIES VALUES("0130264857",1,3);
INSERT INTO BOOK_COPIES VALUES("0130264857",2,1);
INSERT INTO BOOK_COPIES VALUES("0130264857",3,2);
INSERT INTO BOOK_COPIES VALUES("0130264857",4,0);
INSERT INTO BOOK_COPIES VALUES("0130264857",5,0);
INSERT INTO BOOK_COPIES VALUES("0130273635",1,4);
INSERT INTO BOOK_COPIES VALUES("0130273635",2,3);
INSERT INTO BOOK_COPIES VALUES("0130273635",3,1);
INSERT INTO BOOK_COPIES VALUES("0130273635",4,1);
INSERT INTO BOOK_COPIES VALUES("0130273635",5,4);
INSERT INTO BOOK_COPIES VALUES("083512035x",1,1);
INSERT INTO BOOK_COPIES VALUES("083512035x",2,4);
INSERT INTO BOOK_COPIES VALUES("083512035x",3,2);
INSERT INTO BOOK_COPIES VALUES("083512035x",4,4);
INSERT INTO BOOK_COPIES VALUES("083512035x",5,0);
INSERT INTO BOOK_COPIES VALUES("0256228779",1,0);
INSERT INTO BOOK_COPIES VALUES("0256228779",2,0);
INSERT INTO BOOK_COPIES VALUES("0256228779",3,4);
INSERT INTO BOOK_COPIES VALUES("0256228779",4,0);
INSERT INTO BOOK_COPIES VALUES("0256228779",5,0);
INSERT INTO BOOK_COPIES VALUES("0838479022",1,3);
INSERT INTO BOOK_COPIES VALUES("0838479022",2,1);
INSERT INTO BOOK_COPIES VALUES("0838479022",3,2);
INSERT INTO BOOK_COPIES VALUES("0838479022",4,2);
INSERT INTO BOOK_COPIES VALUES("0838479022",5,2);
INSERT INTO BOOK_COPIES VALUES("0553283936",1,2);
INSERT INTO BOOK_COPIES VALUES("0553283936",2,1);
INSERT INTO BOOK_COPIES VALUES("0553283936",3,1);
INSERT INTO BOOK_COPIES VALUES("0553283936",4,4);
INSERT INTO BOOK_COPIES VALUES("0553283936",5,2);
INSERT INTO BOOK_COPIES VALUES("1576572862",1,2);
INSERT INTO BOOK_COPIES VALUES("1576572862",2,3);
INSERT INTO BOOK_COPIES VALUES("1576572862",3,2);
INSERT INTO BOOK_COPIES VALUES("1576572862",4,1);
INSERT INTO BOOK_COPIES VALUES("1576572862",5,2);
INSERT INTO BOOK_COPIES VALUES("1576573842",1,2);
INSERT INTO BOOK_COPIES VALUES("1576573842",2,4);
INSERT INTO BOOK_COPIES VALUES("1576573842",3,0);
INSERT INTO BOOK_COPIES VALUES("1576573842",4,1);
INSERT INTO BOOK_COPIES VALUES("1576573842",5,0);
INSERT INTO BOOK_COPIES VALUES("0967174805",1,4);
INSERT INTO BOOK_COPIES VALUES("0967174805",2,0);
INSERT INTO BOOK_COPIES VALUES("0967174805",3,2);
INSERT INTO BOOK_COPIES VALUES("0967174805",4,2);
INSERT INTO BOOK_COPIES VALUES("0967174805",5,3);
INSERT INTO BOOK_COPIES VALUES("0807825859",1,2);
INSERT INTO BOOK_COPIES VALUES("0807825859",2,4);
INSERT INTO BOOK_COPIES VALUES("0807825859",3,1);
INSERT INTO BOOK_COPIES VALUES("0807825859",4,2);
INSERT INTO BOOK_COPIES VALUES("0807825859",5,2);
INSERT INTO BOOK_COPIES VALUES("0684818701",1,4);
INSERT INTO BOOK_COPIES VALUES("0684818701",2,1);
INSERT INTO BOOK_COPIES VALUES("0684818701",3,1);
INSERT INTO BOOK_COPIES VALUES("0684818701",4,0);
INSERT INTO BOOK_COPIES VALUES("0684818701",5,1);
INSERT INTO BOOK_COPIES VALUES("0385326653",1,4);
INSERT INTO BOOK_COPIES VALUES("0385326653",2,4);
INSERT INTO BOOK_COPIES VALUES("0385326653",3,4);
INSERT INTO BOOK_COPIES VALUES("0385326653",4,4);
INSERT INTO BOOK_COPIES VALUES("0385326653",5,4);
INSERT INTO BOOK_COPIES VALUES("0201615622",1,3);
INSERT INTO BOOK_COPIES VALUES("0201615622",2,4);
INSERT INTO BOOK_COPIES VALUES("0201615622",3,3);
INSERT INTO BOOK_COPIES VALUES("0201615622",4,0);
INSERT INTO BOOK_COPIES VALUES("0201615622",5,3);
INSERT INTO BOOK_COPIES VALUES("067944551X",1,3);
INSERT INTO BOOK_COPIES VALUES("067944551X",2,0);
INSERT INTO BOOK_COPIES VALUES("067944551X",3,0);
INSERT INTO BOOK_COPIES VALUES("067944551X",4,0);
INSERT INTO BOOK_COPIES VALUES("067944551X",5,0);
INSERT INTO BOOK_COPIES VALUES("0810936852",1,0);
INSERT INTO BOOK_COPIES VALUES("0810936852",2,2);
INSERT INTO BOOK_COPIES VALUES("0810936852",3,4);
INSERT INTO BOOK_COPIES VALUES("0810936852",4,0);
INSERT INTO BOOK_COPIES VALUES("0810936852",5,3);
INSERT INTO BOOK_COPIES VALUES("020163371X",1,3);
INSERT INTO BOOK_COPIES VALUES("020163371X",2,1);
INSERT INTO BOOK_COPIES VALUES("020163371X",3,4);
INSERT INTO BOOK_COPIES VALUES("020163371X",4,2);
INSERT INTO BOOK_COPIES VALUES("020163371X",5,1);
INSERT INTO BOOK_COPIES VALUES("0439064864",1,4);
INSERT INTO BOOK_COPIES VALUES("0439064864",2,4);
INSERT INTO BOOK_COPIES VALUES("0439064864",3,1);
INSERT INTO BOOK_COPIES VALUES("0439064864",4,0);
INSERT INTO BOOK_COPIES VALUES("0439064864",5,4);
INSERT INTO BOOK_COPIES VALUES("0439136350",1,4);
INSERT INTO BOOK_COPIES VALUES("0439136350",2,2);
INSERT INTO BOOK_COPIES VALUES("0439136350",3,4);
INSERT INTO BOOK_COPIES VALUES("0439136350",4,4);
INSERT INTO BOOK_COPIES VALUES("0439136350",5,4);
INSERT INTO BOOK_COPIES VALUES("0345313860",1,2);
INSERT INTO BOOK_COPIES VALUES("0345313860",2,0);
INSERT INTO BOOK_COPIES VALUES("0345313860",3,1);
INSERT INTO BOOK_COPIES VALUES("0345313860",4,4);
INSERT INTO BOOK_COPIES VALUES("0345313860",5,2);
INSERT INTO BOOK_COPIES VALUES("034538475X",1,2);
INSERT INTO BOOK_COPIES VALUES("034538475X",2,1);
INSERT INTO BOOK_COPIES VALUES("034538475X",3,0);
INSERT INTO BOOK_COPIES VALUES("034538475X",4,2);
INSERT INTO BOOK_COPIES VALUES("034538475X",5,2);
INSERT INTO BOOK_COPIES VALUES("0030615372",1,3);
INSERT INTO BOOK_COPIES VALUES("0030615372",2,0);
INSERT INTO BOOK_COPIES VALUES("0030615372",3,3);
INSERT INTO BOOK_COPIES VALUES("0030615372",4,3);
INSERT INTO BOOK_COPIES VALUES("0030615372",5,1);
INSERT INTO BOOK_COPIES VALUES("0201634422",1,2);
INSERT INTO BOOK_COPIES VALUES("0201634422",2,1);
INSERT INTO BOOK_COPIES VALUES("0201634422",3,1);
INSERT INTO BOOK_COPIES VALUES("0201634422",4,0);
INSERT INTO BOOK_COPIES VALUES("0201634422",5,4);
INSERT INTO BOOK_COPIES VALUES("1565926099",1,4);
INSERT INTO BOOK_COPIES VALUES("1565926099",2,4);
INSERT INTO BOOK_COPIES VALUES("1565926099",3,3);
INSERT INTO BOOK_COPIES VALUES("1565926099",4,4);
INSERT INTO BOOK_COPIES VALUES("1565926099",5,3);
INSERT INTO BOOK_COPIES VALUES("0672319241",1,3);
INSERT INTO BOOK_COPIES VALUES("0672319241",2,4);
INSERT INTO BOOK_COPIES VALUES("0672319241",3,1);
INSERT INTO BOOK_COPIES VALUES("0672319241",4,3);
INSERT INTO BOOK_COPIES VALUES("0672319241",5,4);
INSERT INTO BOOK_COPIES VALUES("0534368018",1,0);
INSERT INTO BOOK_COPIES VALUES("0534368018",2,0);
INSERT INTO BOOK_COPIES VALUES("0534368018",3,3);
INSERT INTO BOOK_COPIES VALUES("0534368018",4,1);
INSERT INTO BOOK_COPIES VALUES("0534368018",5,1);
INSERT INTO BOOK_COPIES VALUES("0136603904",1,1);
INSERT INTO BOOK_COPIES VALUES("0136603904",2,3);
INSERT INTO BOOK_COPIES VALUES("0136603904",3,0);
INSERT INTO BOOK_COPIES VALUES("0136603904",4,2);
INSERT INTO BOOK_COPIES VALUES("0136603904",5,0);
INSERT INTO BOOK_COPIES VALUES("0671032658",1,3);
INSERT INTO BOOK_COPIES VALUES("0671032658",2,3);
INSERT INTO BOOK_COPIES VALUES("0671032658",3,3);
INSERT INTO BOOK_COPIES VALUES("0671032658",4,1);
INSERT INTO BOOK_COPIES VALUES("0671032658",5,4);
INSERT INTO BOOK_COPIES VALUES("0811826848",1,1);
INSERT INTO BOOK_COPIES VALUES("0811826848",2,0);
INSERT INTO BOOK_COPIES VALUES("0811826848",3,2);
INSERT INTO BOOK_COPIES VALUES("0811826848",4,2);
INSERT INTO BOOK_COPIES VALUES("0811826848",5,0);
INSERT INTO BOOK_COPIES VALUES("0316769487",1,2);
INSERT INTO BOOK_COPIES VALUES("0316769487",2,4);
INSERT INTO BOOK_COPIES VALUES("0316769487",3,2);
INSERT INTO BOOK_COPIES VALUES("0316769487",4,2);
INSERT INTO BOOK_COPIES VALUES("0316769487",5,1);
INSERT INTO BOOK_COPIES VALUES("0446310783",1,3);
INSERT INTO BOOK_COPIES VALUES("0446310783",2,3);
INSERT INTO BOOK_COPIES VALUES("0446310783",3,4);
INSERT INTO BOOK_COPIES VALUES("0446310783",4,2);
INSERT INTO BOOK_COPIES VALUES("0446310783",5,2);
INSERT INTO BOOK_COPIES VALUES("0684801523",1,4);
INSERT INTO BOOK_COPIES VALUES("0684801523",2,2);
INSERT INTO BOOK_COPIES VALUES("0684801523",3,2);
INSERT INTO BOOK_COPIES VALUES("0684801523",4,2);
INSERT INTO BOOK_COPIES VALUES("0684801523",5,3);
INSERT INTO BOOK_COPIES VALUES("0345419758",1,0);
INSERT INTO BOOK_COPIES VALUES("0345419758",2,4);
INSERT INTO BOOK_COPIES VALUES("0345419758",3,2);
INSERT INTO BOOK_COPIES VALUES("0345419758",4,4);
INSERT INTO BOOK_COPIES VALUES("0345419758",5,2);
INSERT INTO BOOK_COPIES VALUES("1557044287",1,0);
INSERT INTO BOOK_COPIES VALUES("1557044287",2,4);
INSERT INTO BOOK_COPIES VALUES("1557044287",3,1);
INSERT INTO BOOK_COPIES VALUES("1557044287",4,1);
INSERT INTO BOOK_COPIES VALUES("1557044287",5,2);
INSERT INTO BOOK_COPIES VALUES("0553575538",1,0);
INSERT INTO BOOK_COPIES VALUES("0553575538",2,4);
INSERT INTO BOOK_COPIES VALUES("0553575538",3,0);
INSERT INTO BOOK_COPIES VALUES("0553575538",4,2);
INSERT INTO BOOK_COPIES VALUES("0553575538",5,3);
INSERT INTO BOOK_COPIES VALUES("0743215052",1,3);
INSERT INTO BOOK_COPIES VALUES("0743215052",2,1);
INSERT INTO BOOK_COPIES VALUES("0743215052",3,0);
INSERT INTO BOOK_COPIES VALUES("0743215052",4,2);
INSERT INTO BOOK_COPIES VALUES("0743215052",5,3);
INSERT INTO BOOK_COPIES VALUES("0821762559",1,4);
INSERT INTO BOOK_COPIES VALUES("0821762559",2,1);
INSERT INTO BOOK_COPIES VALUES("0821762559",3,1);
INSERT INTO BOOK_COPIES VALUES("0821762559",4,3);
INSERT INTO BOOK_COPIES VALUES("0821762559",5,4);
INSERT INTO BOOK_COPIES VALUES("1552047210",1,0);
INSERT INTO BOOK_COPIES VALUES("1552047210",2,4);
INSERT INTO BOOK_COPIES VALUES("1552047210",3,2);
INSERT INTO BOOK_COPIES VALUES("1552047210",4,1);
INSERT INTO BOOK_COPIES VALUES("1552047210",5,3);
INSERT INTO BOOK_COPIES VALUES("0738204374",1,4);
INSERT INTO BOOK_COPIES VALUES("0738204374",2,0);
INSERT INTO BOOK_COPIES VALUES("0738204374",3,1);
INSERT INTO BOOK_COPIES VALUES("0738204374",4,2);
INSERT INTO BOOK_COPIES VALUES("0738204374",5,4);
INSERT INTO BOOK_COPIES VALUES("0425133540",1,2);
INSERT INTO BOOK_COPIES VALUES("0425133540",2,0);
INSERT INTO BOOK_COPIES VALUES("0425133540",3,2);
INSERT INTO BOOK_COPIES VALUES("0425133540",4,3);
INSERT INTO BOOK_COPIES VALUES("0425133540",5,3);
INSERT INTO BOOK_COPIES VALUES("0425147584",1,1);
INSERT INTO BOOK_COPIES VALUES("0425147584",2,3);
INSERT INTO BOOK_COPIES VALUES("0425147584",3,3);
INSERT INTO BOOK_COPIES VALUES("0425147584",4,4);
INSERT INTO BOOK_COPIES VALUES("0425147584",5,4);
INSERT INTO BOOK_COPIES VALUES("1864364432",1,4);
INSERT INTO BOOK_COPIES VALUES("1864364432",2,4);
INSERT INTO BOOK_COPIES VALUES("1864364432",3,3);
INSERT INTO BOOK_COPIES VALUES("1864364432",4,1);
INSERT INTO BOOK_COPIES VALUES("1864364432",5,4);
INSERT INTO BOOK_COPIES VALUES("0688160999",1,1);
INSERT INTO BOOK_COPIES VALUES("0688160999",2,1);
INSERT INTO BOOK_COPIES VALUES("0688160999",3,1);
INSERT INTO BOOK_COPIES VALUES("0688160999",4,3);
INSERT INTO BOOK_COPIES VALUES("0688160999",5,3);
INSERT INTO BOOK_COPIES VALUES("0966625307",1,4);
INSERT INTO BOOK_COPIES VALUES("0966625307",2,0);
INSERT INTO BOOK_COPIES VALUES("0966625307",3,4);
INSERT INTO BOOK_COPIES VALUES("0966625307",4,1);
INSERT INTO BOOK_COPIES VALUES("0966625307",5,2);
INSERT INTO BOOK_COPIES VALUES("038071115X",1,4);
INSERT INTO BOOK_COPIES VALUES("038071115X",2,1);
INSERT INTO BOOK_COPIES VALUES("038071115X",3,2);
INSERT INTO BOOK_COPIES VALUES("038071115X",4,2);
INSERT INTO BOOK_COPIES VALUES("038071115X",5,0);
INSERT INTO BOOK_COPIES VALUES("0138613370",1,2);
INSERT INTO BOOK_COPIES VALUES("0138613370",2,3);
INSERT INTO BOOK_COPIES VALUES("0138613370",3,2);
INSERT INTO BOOK_COPIES VALUES("0138613370",4,0);
INSERT INTO BOOK_COPIES VALUES("0138613370",5,4);
INSERT INTO BOOK_COPIES VALUES("0070349096",1,3);
INSERT INTO BOOK_COPIES VALUES("0070349096",2,4);
INSERT INTO BOOK_COPIES VALUES("0070349096",3,4);
INSERT INTO BOOK_COPIES VALUES("0070349096",4,1);
INSERT INTO BOOK_COPIES VALUES("0070349096",5,2);
INSERT INTO BOOK_COPIES VALUES("0874779758",1,3);
INSERT INTO BOOK_COPIES VALUES("0874779758",2,3);
INSERT INTO BOOK_COPIES VALUES("0874779758",3,4);
INSERT INTO BOOK_COPIES VALUES("0874779758",4,3);
INSERT INTO BOOK_COPIES VALUES("0874779758",5,0);
INSERT INTO BOOK_COPIES VALUES("0198503652",1,2);
INSERT INTO BOOK_COPIES VALUES("0198503652",2,4);
INSERT INTO BOOK_COPIES VALUES("0198503652",3,1);
INSERT INTO BOOK_COPIES VALUES("0198503652",4,4);
INSERT INTO BOOK_COPIES VALUES("0198503652",5,1);
INSERT INTO BOOK_COPIES VALUES("0590956159",1,3);
INSERT INTO BOOK_COPIES VALUES("0590956159",2,4);
INSERT INTO BOOK_COPIES VALUES("0590956159",3,4);
INSERT INTO BOOK_COPIES VALUES("0590956159",4,0);
INSERT INTO BOOK_COPIES VALUES("0590956159",5,1);
INSERT INTO BOOK_COPIES VALUES("0911625593",1,4);
INSERT INTO BOOK_COPIES VALUES("0911625593",2,0);
INSERT INTO BOOK_COPIES VALUES("0911625593",3,1);
INSERT INTO BOOK_COPIES VALUES("0911625593",4,3);
INSERT INTO BOOK_COPIES VALUES("0911625593",5,2);
INSERT INTO BOOK_COPIES VALUES("0911625453",1,1);
INSERT INTO BOOK_COPIES VALUES("0911625453",2,4);
INSERT INTO BOOK_COPIES VALUES("0911625453",3,1);
INSERT INTO BOOK_COPIES VALUES("0911625453",4,0);
INSERT INTO BOOK_COPIES VALUES("0911625453",5,3);
INSERT INTO BOOK_COPIES VALUES("0078823927",1,1);
INSERT INTO BOOK_COPIES VALUES("0078823927",2,4);
INSERT INTO BOOK_COPIES VALUES("0078823927",3,0);
INSERT INTO BOOK_COPIES VALUES("0078823927",4,3);
INSERT INTO BOOK_COPIES VALUES("0078823927",5,4);
INSERT INTO BOOK_COPIES VALUES("1884133258",1,4);
INSERT INTO BOOK_COPIES VALUES("1884133258",2,0);
INSERT INTO BOOK_COPIES VALUES("1884133258",3,1);
INSERT INTO BOOK_COPIES VALUES("1884133258",4,4);
INSERT INTO BOOK_COPIES VALUES("1884133258",5,4);
INSERT INTO BOOK_COPIES VALUES("0760049254",1,0);
INSERT INTO BOOK_COPIES VALUES("0760049254",2,0);
INSERT INTO BOOK_COPIES VALUES("0760049254",3,1);
INSERT INTO BOOK_COPIES VALUES("0760049254",4,0);
INSERT INTO BOOK_COPIES VALUES("0760049254",5,2);
INSERT INTO BOOK_COPIES VALUES("0314129499",1,4);
INSERT INTO BOOK_COPIES VALUES("0314129499",2,0);
INSERT INTO BOOK_COPIES VALUES("0314129499",3,4);
INSERT INTO BOOK_COPIES VALUES("0314129499",4,0);
INSERT INTO BOOK_COPIES VALUES("0314129499",5,1);
INSERT INTO BOOK_COPIES VALUES("962593460X",1,4);
INSERT INTO BOOK_COPIES VALUES("962593460X",2,2);
INSERT INTO BOOK_COPIES VALUES("962593460X",3,2);
INSERT INTO BOOK_COPIES VALUES("962593460X",4,4);
INSERT INTO BOOK_COPIES VALUES("962593460X",5,1);
INSERT INTO BOOK_COPIES VALUES("062593460X",1,2);
INSERT INTO BOOK_COPIES VALUES("062593460X",2,2);
INSERT INTO BOOK_COPIES VALUES("062593460X",3,0);
INSERT INTO BOOK_COPIES VALUES("062593460X",4,1);
INSERT INTO BOOK_COPIES VALUES("062593460X",5,3);
INSERT INTO BOOK_COPIES VALUES("0743202104",1,4);
INSERT INTO BOOK_COPIES VALUES("0743202104",2,0);
INSERT INTO BOOK_COPIES VALUES("0743202104",3,3);
INSERT INTO BOOK_COPIES VALUES("0743202104",4,0);
INSERT INTO BOOK_COPIES VALUES("0743202104",5,3);
INSERT INTO BOOK_COPIES VALUES("0936184388",1,2);
INSERT INTO BOOK_COPIES VALUES("0936184388",2,0);
INSERT INTO BOOK_COPIES VALUES("0936184388",3,4);
INSERT INTO BOOK_COPIES VALUES("0936184388",4,4);
INSERT INTO BOOK_COPIES VALUES("0936184388",5,3);
INSERT INTO BOOK_COPIES VALUES("0689829418",1,0);
INSERT INTO BOOK_COPIES VALUES("0689829418",2,1);
INSERT INTO BOOK_COPIES VALUES("0689829418",3,4);
INSERT INTO BOOK_COPIES VALUES("0689829418",4,3);
INSERT INTO BOOK_COPIES VALUES("0689829418",5,3);
INSERT INTO BOOK_COPIES VALUES("0961470151",1,4);
INSERT INTO BOOK_COPIES VALUES("0961470151",2,4);
INSERT INTO BOOK_COPIES VALUES("0961470151",3,0);
INSERT INTO BOOK_COPIES VALUES("0961470151",4,2);
INSERT INTO BOOK_COPIES VALUES("0961470151",5,1);
INSERT INTO BOOK_COPIES VALUES("0887251714",1,1);
INSERT INTO BOOK_COPIES VALUES("0887251714",2,3);
INSERT INTO BOOK_COPIES VALUES("0887251714",3,1);
INSERT INTO BOOK_COPIES VALUES("0887251714",4,3);
INSERT INTO BOOK_COPIES VALUES("0887251714",5,4);
INSERT INTO BOOK_COPIES VALUES("0201615711",1,0);
INSERT INTO BOOK_COPIES VALUES("0201615711",2,3);
INSERT INTO BOOK_COPIES VALUES("0201615711",3,0);
INSERT INTO BOOK_COPIES VALUES("0201615711",4,2);
INSERT INTO BOOK_COPIES VALUES("0201615711",5,2);
INSERT INTO BOOK_COPIES VALUES("1565922840",1,0);
INSERT INTO BOOK_COPIES VALUES("1565922840",2,1);
INSERT INTO BOOK_COPIES VALUES("1565922840",3,1);
INSERT INTO BOOK_COPIES VALUES("1565922840",4,1);
INSERT INTO BOOK_COPIES VALUES("1565922840",5,4);
INSERT INTO BOOK_COPIES VALUES("0345438310",1,1);
INSERT INTO BOOK_COPIES VALUES("0345438310",2,3);
INSERT INTO BOOK_COPIES VALUES("0345438310",3,2);
INSERT INTO BOOK_COPIES VALUES("0345438310",4,4);
INSERT INTO BOOK_COPIES VALUES("0345438310",5,2);
INSERT INTO BOOK_COPIES VALUES("0345298063",1,2);
INSERT INTO BOOK_COPIES VALUES("0345298063",2,4);
INSERT INTO BOOK_COPIES VALUES("0345298063",3,4);
INSERT INTO BOOK_COPIES VALUES("0345298063",4,2);
INSERT INTO BOOK_COPIES VALUES("0345298063",5,3);
INSERT INTO BOOK_COPIES VALUES("0764547161",1,2);
INSERT INTO BOOK_COPIES VALUES("0764547161",2,1);
INSERT INTO BOOK_COPIES VALUES("0764547161",3,2);
INSERT INTO BOOK_COPIES VALUES("0764547161",4,2);
INSERT INTO BOOK_COPIES VALUES("0764547161",5,4);
INSERT INTO BOOK_COPIES VALUES("0471105597",1,3);
INSERT INTO BOOK_COPIES VALUES("0471105597",2,0);
INSERT INTO BOOK_COPIES VALUES("0471105597",3,1);
INSERT INTO BOOK_COPIES VALUES("0471105597",4,0);
INSERT INTO BOOK_COPIES VALUES("0471105597",5,2);
INSERT INTO BOOK_COPIES VALUES("0399501487",1,1);
INSERT INTO BOOK_COPIES VALUES("0399501487",2,2);
INSERT INTO BOOK_COPIES VALUES("0399501487",3,3);
INSERT INTO BOOK_COPIES VALUES("0399501487",4,2);
INSERT INTO BOOK_COPIES VALUES("0399501487",5,1);
INSERT INTO BOOK_COPIES VALUES("1581950098",1,0);
INSERT INTO BOOK_COPIES VALUES("1581950098",2,3);
INSERT INTO BOOK_COPIES VALUES("1581950098",3,4);
INSERT INTO BOOK_COPIES VALUES("1581950098",4,2);
INSERT INTO BOOK_COPIES VALUES("1581950098",5,2);
INSERT INTO BOOK_COPIES VALUES("0689813813",1,2);
INSERT INTO BOOK_COPIES VALUES("0689813813",2,3);
INSERT INTO BOOK_COPIES VALUES("0689813813",3,2);
INSERT INTO BOOK_COPIES VALUES("0689813813",4,1);
INSERT INTO BOOK_COPIES VALUES("0689813813",5,3);
INSERT INTO BOOK_COPIES VALUES("0070121430",1,1);
INSERT INTO BOOK_COPIES VALUES("0070121430",2,4);
INSERT INTO BOOK_COPIES VALUES("0070121430",3,4);
INSERT INTO BOOK_COPIES VALUES("0070121430",4,0);
INSERT INTO BOOK_COPIES VALUES("0070121430",5,4);
INSERT INTO BOOK_COPIES VALUES("0870212850",1,1);
INSERT INTO BOOK_COPIES VALUES("0870212850",2,2);
INSERT INTO BOOK_COPIES VALUES("0870212850",3,0);
INSERT INTO BOOK_COPIES VALUES("0870212850",4,3);
INSERT INTO BOOK_COPIES VALUES("0870212850",5,2);
INSERT INTO BOOK_COPIES VALUES("0849323754",1,1);
INSERT INTO BOOK_COPIES VALUES("0849323754",2,1);
INSERT INTO BOOK_COPIES VALUES("0849323754",3,3);
INSERT INTO BOOK_COPIES VALUES("0849323754",4,0);
INSERT INTO BOOK_COPIES VALUES("0849323754",5,4);
INSERT INTO BOOK_COPIES VALUES("0864426429",1,3);
INSERT INTO BOOK_COPIES VALUES("0864426429",2,2);
INSERT INTO BOOK_COPIES VALUES("0864426429",3,1);
INSERT INTO BOOK_COPIES VALUES("0864426429",4,3);
INSERT INTO BOOK_COPIES VALUES("0864426429",5,0);
INSERT INTO BOOK_COPIES VALUES("0767903854",1,1);
INSERT INTO BOOK_COPIES VALUES("0767903854",2,1);
INSERT INTO BOOK_COPIES VALUES("0767903854",3,0);
INSERT INTO BOOK_COPIES VALUES("0767903854",4,3);
INSERT INTO BOOK_COPIES VALUES("0767903854",5,4);
INSERT INTO BOOK_COPIES VALUES("1573225312",1,0);
INSERT INTO BOOK_COPIES VALUES("1573225312",2,1);
INSERT INTO BOOK_COPIES VALUES("1573225312",3,0);
INSERT INTO BOOK_COPIES VALUES("1573225312",4,0);
INSERT INTO BOOK_COPIES VALUES("1573225312",5,4);
INSERT INTO BOOK_COPIES VALUES("0811213668",1,2);
INSERT INTO BOOK_COPIES VALUES("0811213668",2,3);
INSERT INTO BOOK_COPIES VALUES("0811213668",3,2);
INSERT INTO BOOK_COPIES VALUES("0811213668",4,1);
INSERT INTO BOOK_COPIES VALUES("0811213668",5,1);
INSERT INTO BOOK_COPIES VALUES("093570261x",1,3);
INSERT INTO BOOK_COPIES VALUES("093570261x",2,0);
INSERT INTO BOOK_COPIES VALUES("093570261x",3,0);
INSERT INTO BOOK_COPIES VALUES("093570261x",4,3);
INSERT INTO BOOK_COPIES VALUES("093570261x",5,1);
INSERT INTO BOOK_COPIES VALUES("0201709287",1,2);
INSERT INTO BOOK_COPIES VALUES("0201709287",2,1);
INSERT INTO BOOK_COPIES VALUES("0201709287",3,3);
INSERT INTO BOOK_COPIES VALUES("0201709287",4,0);
INSERT INTO BOOK_COPIES VALUES("0201709287",5,3);
INSERT INTO BOOK_COPIES VALUES("0750650869",1,3);
INSERT INTO BOOK_COPIES VALUES("0750650869",2,2);
INSERT INTO BOOK_COPIES VALUES("0750650869",3,1);
INSERT INTO BOOK_COPIES VALUES("0750650869",4,2);
INSERT INTO BOOK_COPIES VALUES("0750650869",5,4);
INSERT INTO BOOK_COPIES VALUES("0789305003",1,3);
INSERT INTO BOOK_COPIES VALUES("0789305003",2,4);
INSERT INTO BOOK_COPIES VALUES("0789305003",3,0);
INSERT INTO BOOK_COPIES VALUES("0789305003",4,1);
INSERT INTO BOOK_COPIES VALUES("0789305003",5,3);
INSERT INTO BOOK_COPIES VALUES("0120594757",1,0);
INSERT INTO BOOK_COPIES VALUES("0120594757",2,0);
INSERT INTO BOOK_COPIES VALUES("0120594757",3,2);
INSERT INTO BOOK_COPIES VALUES("0120594757",4,1);
INSERT INTO BOOK_COPIES VALUES("0120594757",5,1);
INSERT INTO BOOK_COPIES VALUES("0078823978",1,2);
INSERT INTO BOOK_COPIES VALUES("0078823978",2,2);
INSERT INTO BOOK_COPIES VALUES("0078823978",3,0);
INSERT INTO BOOK_COPIES VALUES("0078823978",4,4);
INSERT INTO BOOK_COPIES VALUES("0078823978",5,4);
INSERT INTO BOOK_COPIES VALUES("0449202496",1,4);
INSERT INTO BOOK_COPIES VALUES("0449202496",2,2);
INSERT INTO BOOK_COPIES VALUES("0449202496",3,3);
INSERT INTO BOOK_COPIES VALUES("0449202496",4,1);
INSERT INTO BOOK_COPIES VALUES("0449202496",5,4);
INSERT INTO BOOK_COPIES VALUES("0528838180",1,1);
INSERT INTO BOOK_COPIES VALUES("0528838180",2,1);
INSERT INTO BOOK_COPIES VALUES("0528838180",3,4);
INSERT INTO BOOK_COPIES VALUES("0528838180",4,1);
INSERT INTO BOOK_COPIES VALUES("0528838180",5,2);
INSERT INTO BOOK_COPIES VALUES("0761117199",1,0);
INSERT INTO BOOK_COPIES VALUES("0761117199",2,1);
INSERT INTO BOOK_COPIES VALUES("0761117199",3,1);
INSERT INTO BOOK_COPIES VALUES("0761117199",4,2);
INSERT INTO BOOK_COPIES VALUES("0761117199",5,2);
INSERT INTO BOOK_COPIES VALUES("0060393645",1,4);
INSERT INTO BOOK_COPIES VALUES("0060393645",2,4);
INSERT INTO BOOK_COPIES VALUES("0060393645",3,1);
INSERT INTO BOOK_COPIES VALUES("0060393645",4,1);
INSERT INTO BOOK_COPIES VALUES("0060393645",5,0);
INSERT INTO BOOK_COPIES VALUES("1586480103",1,2);
INSERT INTO BOOK_COPIES VALUES("1586480103",2,2);
INSERT INTO BOOK_COPIES VALUES("1586480103",3,3);
INSERT INTO BOOK_COPIES VALUES("1586480103",4,1);
INSERT INTO BOOK_COPIES VALUES("1586480103",5,0);
INSERT INTO BOOK_COPIES VALUES("0809299674",1,2);
INSERT INTO BOOK_COPIES VALUES("0809299674",2,2);
INSERT INTO BOOK_COPIES VALUES("0809299674",3,2);
INSERT INTO BOOK_COPIES VALUES("0809299674",4,2);
INSERT INTO BOOK_COPIES VALUES("0809299674",5,3);
INSERT INTO BOOK_COPIES VALUES("037541164X",1,2);
INSERT INTO BOOK_COPIES VALUES("037541164X",2,0);
INSERT INTO BOOK_COPIES VALUES("037541164X",3,4);
INSERT INTO BOOK_COPIES VALUES("037541164X",4,2);
INSERT INTO BOOK_COPIES VALUES("037541164X",5,1);
INSERT INTO BOOK_COPIES VALUES("0684856093",1,3);
INSERT INTO BOOK_COPIES VALUES("0684856093",2,4);
INSERT INTO BOOK_COPIES VALUES("0684856093",3,1);
INSERT INTO BOOK_COPIES VALUES("0684856093",4,0);
INSERT INTO BOOK_COPIES VALUES("0684856093",5,2);
INSERT INTO BOOK_COPIES VALUES("0375400818",1,3);
INSERT INTO BOOK_COPIES VALUES("0375400818",2,2);
INSERT INTO BOOK_COPIES VALUES("0375400818",3,4);
INSERT INTO BOOK_COPIES VALUES("0375400818",4,1);
INSERT INTO BOOK_COPIES VALUES("0375400818",5,2);
INSERT INTO BOOK_COPIES VALUES("0716736381",1,4);
INSERT INTO BOOK_COPIES VALUES("0716736381",2,4);
INSERT INTO BOOK_COPIES VALUES("0716736381",3,1);
INSERT INTO BOOK_COPIES VALUES("0716736381",4,1);
INSERT INTO BOOK_COPIES VALUES("0716736381",5,1);
INSERT INTO BOOK_COPIES VALUES("0399146652",1,2);
INSERT INTO BOOK_COPIES VALUES("0399146652",2,3);
INSERT INTO BOOK_COPIES VALUES("0399146652",3,3);
INSERT INTO BOOK_COPIES VALUES("0399146652",4,2);
INSERT INTO BOOK_COPIES VALUES("0399146652",5,3);
INSERT INTO BOOK_COPIES VALUES("0439139597",1,1);
INSERT INTO BOOK_COPIES VALUES("0439139597",2,2);
INSERT INTO BOOK_COPIES VALUES("0439139597",3,1);
INSERT INTO BOOK_COPIES VALUES("0439139597",4,2);
INSERT INTO BOOK_COPIES VALUES("0439139597",5,3);
INSERT INTO BOOK_COPIES VALUES("0910146691",1,3);
INSERT INTO BOOK_COPIES VALUES("0910146691",2,4);
INSERT INTO BOOK_COPIES VALUES("0910146691",3,4);
INSERT INTO BOOK_COPIES VALUES("0910146691",4,0);
INSERT INTO BOOK_COPIES VALUES("0910146691",5,3);
INSERT INTO BOOK_COPIES VALUES("1930110006",1,1);
INSERT INTO BOOK_COPIES VALUES("1930110006",2,1);
INSERT INTO BOOK_COPIES VALUES("1930110006",3,0);
INSERT INTO BOOK_COPIES VALUES("1930110006",4,2);
INSERT INTO BOOK_COPIES VALUES("1930110006",5,1);
INSERT INTO BOOK_COPIES VALUES("0312135033",1,4);
INSERT INTO BOOK_COPIES VALUES("0312135033",2,1);
INSERT INTO BOOK_COPIES VALUES("0312135033",3,1);
INSERT INTO BOOK_COPIES VALUES("0312135033",4,0);
INSERT INTO BOOK_COPIES VALUES("0312135033",5,4);
INSERT INTO BOOK_COPIES VALUES("0505523078",1,2);
INSERT INTO BOOK_COPIES VALUES("0505523078",2,3);
INSERT INTO BOOK_COPIES VALUES("0505523078",3,2);
INSERT INTO BOOK_COPIES VALUES("0505523078",4,0);
INSERT INTO BOOK_COPIES VALUES("0505523078",5,1);
INSERT INTO BOOK_COPIES VALUES("0672314800",1,1);
INSERT INTO BOOK_COPIES VALUES("0672314800",2,4);
INSERT INTO BOOK_COPIES VALUES("0672314800",3,2);
INSERT INTO BOOK_COPIES VALUES("0672314800",4,0);
INSERT INTO BOOK_COPIES VALUES("0672314800",5,0);
INSERT INTO BOOK_COPIES VALUES("020165783X",1,4);
INSERT INTO BOOK_COPIES VALUES("020165783X",2,1);
INSERT INTO BOOK_COPIES VALUES("020165783X",3,2);
INSERT INTO BOOK_COPIES VALUES("020165783X",4,2);
INSERT INTO BOOK_COPIES VALUES("020165783X",5,4);
INSERT INTO BOOK_COPIES VALUES("0425143325",1,1);
INSERT INTO BOOK_COPIES VALUES("0425143325",2,4);
INSERT INTO BOOK_COPIES VALUES("0425143325",3,0);
INSERT INTO BOOK_COPIES VALUES("0425143325",4,3);
INSERT INTO BOOK_COPIES VALUES("0425143325",5,2);
INSERT INTO BOOK_COPIES VALUES("0345384466",1,3);
INSERT INTO BOOK_COPIES VALUES("0345384466",2,0);
INSERT INTO BOOK_COPIES VALUES("0345384466",3,2);
INSERT INTO BOOK_COPIES VALUES("0345384466",4,4);
INSERT INTO BOOK_COPIES VALUES("0345384466",5,4);
INSERT INTO BOOK_COPIES VALUES("0071354190",1,0);
INSERT INTO BOOK_COPIES VALUES("0071354190",2,4);
INSERT INTO BOOK_COPIES VALUES("0071354190",3,2);
INSERT INTO BOOK_COPIES VALUES("0071354190",4,0);
INSERT INTO BOOK_COPIES VALUES("0071354190",5,3);
INSERT INTO BOOK_COPIES VALUES("0120848104",1,3);
INSERT INTO BOOK_COPIES VALUES("0120848104",2,1);
INSERT INTO BOOK_COPIES VALUES("0120848104",3,1);
INSERT INTO BOOK_COPIES VALUES("0120848104",4,3);
INSERT INTO BOOK_COPIES VALUES("0120848104",5,1);
INSERT INTO BOOK_COPIES VALUES("0684869519",1,0);
INSERT INTO BOOK_COPIES VALUES("0684869519",2,3);
INSERT INTO BOOK_COPIES VALUES("0684869519",3,3);
INSERT INTO BOOK_COPIES VALUES("0684869519",4,0);
INSERT INTO BOOK_COPIES VALUES("0684869519",5,1);
INSERT INTO BOOK_COPIES VALUES("0156007754",1,1);
INSERT INTO BOOK_COPIES VALUES("0156007754",2,3);
INSERT INTO BOOK_COPIES VALUES("0156007754",3,3);
INSERT INTO BOOK_COPIES VALUES("0156007754",4,0);
INSERT INTO BOOK_COPIES VALUES("0156007754",5,0);
INSERT INTO BOOK_COPIES VALUES("067100767X",1,3);
INSERT INTO BOOK_COPIES VALUES("067100767X",2,2);
INSERT INTO BOOK_COPIES VALUES("067100767X",3,0);
INSERT INTO BOOK_COPIES VALUES("067100767X",4,3);
INSERT INTO BOOK_COPIES VALUES("067100767X",5,3);
INSERT INTO BOOK_COPIES VALUES("1565926269",1,0);
INSERT INTO BOOK_COPIES VALUES("1565926269",2,0);
INSERT INTO BOOK_COPIES VALUES("1565926269",3,4);
INSERT INTO BOOK_COPIES VALUES("1565926269",4,4);
INSERT INTO BOOK_COPIES VALUES("1565926269",5,4);
INSERT INTO BOOK_COPIES VALUES("1878529234",1,1);
INSERT INTO BOOK_COPIES VALUES("1878529234",2,3);
INSERT INTO BOOK_COPIES VALUES("1878529234",3,2);
INSERT INTO BOOK_COPIES VALUES("1878529234",4,2);
INSERT INTO BOOK_COPIES VALUES("1878529234",5,0);
INSERT INTO BOOK_COPIES VALUES("0070498415",1,0);
INSERT INTO BOOK_COPIES VALUES("0070498415",2,2);
INSERT INTO BOOK_COPIES VALUES("0070498415",3,1);
INSERT INTO BOOK_COPIES VALUES("0070498415",4,4);
INSERT INTO BOOK_COPIES VALUES("0070498415",5,2);
INSERT INTO BOOK_COPIES VALUES("0316695262",1,0);
INSERT INTO BOOK_COPIES VALUES("0316695262",2,3);
INSERT INTO BOOK_COPIES VALUES("0316695262",3,0);
INSERT INTO BOOK_COPIES VALUES("0316695262",4,0);
INSERT INTO BOOK_COPIES VALUES("0316695262",5,3);
INSERT INTO BOOK_COPIES VALUES("0262133822",1,1);
INSERT INTO BOOK_COPIES VALUES("0262133822",2,1);
INSERT INTO BOOK_COPIES VALUES("0262133822",3,0);
INSERT INTO BOOK_COPIES VALUES("0262133822",4,4);
INSERT INTO BOOK_COPIES VALUES("0262133822",5,1);
INSERT INTO BOOK_COPIES VALUES("0792393651",1,1);
INSERT INTO BOOK_COPIES VALUES("0792393651",2,0);
INSERT INTO BOOK_COPIES VALUES("0792393651",3,1);
INSERT INTO BOOK_COPIES VALUES("0792393651",4,0);
INSERT INTO BOOK_COPIES VALUES("0792393651",5,3);
INSERT INTO BOOK_COPIES VALUES("0262041642",1,0);
INSERT INTO BOOK_COPIES VALUES("0262041642",2,2);
INSERT INTO BOOK_COPIES VALUES("0262041642",3,2);
INSERT INTO BOOK_COPIES VALUES("0262041642",4,0);
INSERT INTO BOOK_COPIES VALUES("0262041642",5,1);
INSERT INTO BOOK_COPIES VALUES("0590496379",1,1);
INSERT INTO BOOK_COPIES VALUES("0590496379",2,2);
INSERT INTO BOOK_COPIES VALUES("0590496379",3,0);
INSERT INTO BOOK_COPIES VALUES("0590496379",4,0);
INSERT INTO BOOK_COPIES VALUES("0590496379",5,2);
INSERT INTO BOOK_COPIES VALUES("0534944469",1,1);
INSERT INTO BOOK_COPIES VALUES("0534944469",2,2);
INSERT INTO BOOK_COPIES VALUES("0534944469",3,2);
INSERT INTO BOOK_COPIES VALUES("0534944469",4,4);
INSERT INTO BOOK_COPIES VALUES("0534944469",5,4);
INSERT INTO BOOK_COPIES VALUES("0471587192",1,1);
INSERT INTO BOOK_COPIES VALUES("0471587192",2,0);
INSERT INTO BOOK_COPIES VALUES("0471587192",3,0);
INSERT INTO BOOK_COPIES VALUES("0471587192",4,4);
INSERT INTO BOOK_COPIES VALUES("0471587192",5,4);
INSERT INTO BOOK_COPIES VALUES("0812093119",1,2);
INSERT INTO BOOK_COPIES VALUES("0812093119",2,2);
INSERT INTO BOOK_COPIES VALUES("0812093119",3,2);
INSERT INTO BOOK_COPIES VALUES("0812093119",4,3);
INSERT INTO BOOK_COPIES VALUES("0812093119",5,1);
INSERT INTO BOOK_COPIES VALUES("0669076791",1,3);
INSERT INTO BOOK_COPIES VALUES("0669076791",2,0);
INSERT INTO BOOK_COPIES VALUES("0669076791",3,2);
INSERT INTO BOOK_COPIES VALUES("0669076791",4,1);
INSERT INTO BOOK_COPIES VALUES("0669076791",5,3);
INSERT INTO BOOK_COPIES VALUES("0737800033",1,2);
INSERT INTO BOOK_COPIES VALUES("0737800033",2,0);
INSERT INTO BOOK_COPIES VALUES("0737800033",3,2);
INSERT INTO BOOK_COPIES VALUES("0737800033",4,3);
INSERT INTO BOOK_COPIES VALUES("0737800033",5,3);
INSERT INTO BOOK_COPIES VALUES("0130819735",1,0);
INSERT INTO BOOK_COPIES VALUES("0130819735",2,0);
INSERT INTO BOOK_COPIES VALUES("0130819735",3,1);
INSERT INTO BOOK_COPIES VALUES("0130819735",4,3);
INSERT INTO BOOK_COPIES VALUES("0130819735",5,4);
INSERT INTO BOOK_COPIES VALUES("0471169196",1,2);
INSERT INTO BOOK_COPIES VALUES("0471169196",2,1);
INSERT INTO BOOK_COPIES VALUES("0471169196",3,0);
INSERT INTO BOOK_COPIES VALUES("0471169196",4,2);
INSERT INTO BOOK_COPIES VALUES("0471169196",5,2);
INSERT INTO BOOK_COPIES VALUES("0609607995",1,1);
INSERT INTO BOOK_COPIES VALUES("0609607995",2,2);
INSERT INTO BOOK_COPIES VALUES("0609607995",3,4);
INSERT INTO BOOK_COPIES VALUES("0609607995",4,2);
INSERT INTO BOOK_COPIES VALUES("0609607995",5,2);
INSERT INTO BOOK_COPIES VALUES("0060287659",1,3);
INSERT INTO BOOK_COPIES VALUES("0060287659",2,3);
INSERT INTO BOOK_COPIES VALUES("0060287659",3,0);
INSERT INTO BOOK_COPIES VALUES("0060287659",4,3);
INSERT INTO BOOK_COPIES VALUES("0060287659",5,4);
INSERT INTO BOOK_COPIES VALUES("0689836015",1,3);
INSERT INTO BOOK_COPIES VALUES("0689836015",2,0);
INSERT INTO BOOK_COPIES VALUES("0689836015",3,4);
INSERT INTO BOOK_COPIES VALUES("0689836015",4,4);
INSERT INTO BOOK_COPIES VALUES("0689836015",5,2);
INSERT INTO BOOK_COPIES VALUES("0201700735",1,2);
INSERT INTO BOOK_COPIES VALUES("0201700735",2,4);
INSERT INTO BOOK_COPIES VALUES("0201700735",3,2);
INSERT INTO BOOK_COPIES VALUES("0201700735",4,0);
INSERT INTO BOOK_COPIES VALUES("0201700735",5,1);
INSERT INTO BOOK_COPIES VALUES("014051452X",1,4);
INSERT INTO BOOK_COPIES VALUES("014051452X",2,3);
INSERT INTO BOOK_COPIES VALUES("014051452X",3,3);
INSERT INTO BOOK_COPIES VALUES("014051452X",4,4);
INSERT INTO BOOK_COPIES VALUES("014051452X",5,3);
INSERT INTO BOOK_COPIES VALUES("0962477060",1,3);
INSERT INTO BOOK_COPIES VALUES("0962477060",2,0);
INSERT INTO BOOK_COPIES VALUES("0962477060",3,0);
INSERT INTO BOOK_COPIES VALUES("0962477060",4,3);
INSERT INTO BOOK_COPIES VALUES("0962477060",5,4);
INSERT INTO BOOK_COPIES VALUES("0399147020",1,4);
INSERT INTO BOOK_COPIES VALUES("0399147020",2,4);
INSERT INTO BOOK_COPIES VALUES("0399147020",3,1);
INSERT INTO BOOK_COPIES VALUES("0399147020",4,0);
INSERT INTO BOOK_COPIES VALUES("0399147020",5,0);
INSERT INTO BOOK_COPIES VALUES("0395851580",1,2);
INSERT INTO BOOK_COPIES VALUES("0395851580",2,4);
INSERT INTO BOOK_COPIES VALUES("0395851580",3,0);
INSERT INTO BOOK_COPIES VALUES("0395851580",4,4);
INSERT INTO BOOK_COPIES VALUES("0395851580",5,2);
INSERT INTO BOOK_COPIES VALUES("0596000278",1,0);
INSERT INTO BOOK_COPIES VALUES("0596000278",2,3);
INSERT INTO BOOK_COPIES VALUES("0596000278",3,0);
INSERT INTO BOOK_COPIES VALUES("0596000278",4,1);
INSERT INTO BOOK_COPIES VALUES("0596000278",5,2);
INSERT INTO BOOK_COPIES VALUES("0060959290",1,1);
INSERT INTO BOOK_COPIES VALUES("0060959290",2,0);
INSERT INTO BOOK_COPIES VALUES("0060959290",3,2);
INSERT INTO BOOK_COPIES VALUES("0060959290",4,2);
INSERT INTO BOOK_COPIES VALUES("0060959290",5,0);
INSERT INTO BOOK_COPIES VALUES("0517707950",1,3);
INSERT INTO BOOK_COPIES VALUES("0517707950",2,4);
INSERT INTO BOOK_COPIES VALUES("0517707950",3,4);
INSERT INTO BOOK_COPIES VALUES("0517707950",4,1);
INSERT INTO BOOK_COPIES VALUES("0517707950",5,0);
INSERT INTO BOOK_COPIES VALUES("0134897250",1,4);
INSERT INTO BOOK_COPIES VALUES("0134897250",2,1);
INSERT INTO BOOK_COPIES VALUES("0134897250",3,3);
INSERT INTO BOOK_COPIES VALUES("0134897250",4,0);
INSERT INTO BOOK_COPIES VALUES("0134897250",5,0);
INSERT INTO BOOK_COPIES VALUES("042510107X",1,2);
INSERT INTO BOOK_COPIES VALUES("042510107X",2,4);
INSERT INTO BOOK_COPIES VALUES("042510107X",3,2);
INSERT INTO BOOK_COPIES VALUES("042510107X",4,3);
INSERT INTO BOOK_COPIES VALUES("042510107X",5,0);
INSERT INTO BOOK_COPIES VALUES("0618056777",1,3);
INSERT INTO BOOK_COPIES VALUES("0618056777",2,4);
INSERT INTO BOOK_COPIES VALUES("0618056777",3,2);
INSERT INTO BOOK_COPIES VALUES("0618056777",4,2);
INSERT INTO BOOK_COPIES VALUES("0618056777",5,4);
INSERT INTO BOOK_COPIES VALUES("0262181916",1,1);
INSERT INTO BOOK_COPIES VALUES("0262181916",2,1);
INSERT INTO BOOK_COPIES VALUES("0262181916",3,2);
INSERT INTO BOOK_COPIES VALUES("0262181916",4,3);
INSERT INTO BOOK_COPIES VALUES("0262181916",5,4);
INSERT INTO BOOK_COPIES VALUES("1566912296",1,3);
INSERT INTO BOOK_COPIES VALUES("1566912296",2,1);
INSERT INTO BOOK_COPIES VALUES("1566912296",3,2);
INSERT INTO BOOK_COPIES VALUES("1566912296",4,0);
INSERT INTO BOOK_COPIES VALUES("1566912296",5,3);
INSERT INTO BOOK_COPIES VALUES("0030059380",1,4);
INSERT INTO BOOK_COPIES VALUES("0030059380",2,0);
INSERT INTO BOOK_COPIES VALUES("0030059380",3,0);
INSERT INTO BOOK_COPIES VALUES("0030059380",4,1);
INSERT INTO BOOK_COPIES VALUES("0030059380",5,4);
INSERT INTO BOOK_COPIES VALUES("0671880756",1,1);
INSERT INTO BOOK_COPIES VALUES("0671880756",2,3);
INSERT INTO BOOK_COPIES VALUES("0671880756",3,2);
INSERT INTO BOOK_COPIES VALUES("0671880756",4,3);
INSERT INTO BOOK_COPIES VALUES("0671880756",5,1);
INSERT INTO BOOK_COPIES VALUES("0688161995",1,3);
INSERT INTO BOOK_COPIES VALUES("0688161995",2,4);
INSERT INTO BOOK_COPIES VALUES("0688161995",3,1);
INSERT INTO BOOK_COPIES VALUES("0688161995",4,4);
INSERT INTO BOOK_COPIES VALUES("0688161995",5,1);
INSERT INTO BOOK_COPIES VALUES("0688127371",1,3);
INSERT INTO BOOK_COPIES VALUES("0688127371",2,4);
INSERT INTO BOOK_COPIES VALUES("0688127371",3,4);
INSERT INTO BOOK_COPIES VALUES("0688127371",4,3);
INSERT INTO BOOK_COPIES VALUES("0688127371",5,2);
INSERT INTO BOOK_COPIES VALUES("0070571864",1,4);
INSERT INTO BOOK_COPIES VALUES("0070571864",2,0);
INSERT INTO BOOK_COPIES VALUES("0070571864",3,4);
INSERT INTO BOOK_COPIES VALUES("0070571864",4,0);
INSERT INTO BOOK_COPIES VALUES("0070571864",5,3);
INSERT INTO BOOK_COPIES VALUES("0465041752",1,2);
INSERT INTO BOOK_COPIES VALUES("0465041752",2,2);
INSERT INTO BOOK_COPIES VALUES("0465041752",3,0);
INSERT INTO BOOK_COPIES VALUES("0465041752",4,3);
INSERT INTO BOOK_COPIES VALUES("0465041752",5,2);
INSERT INTO BOOK_COPIES VALUES("1902618351",1,1);
INSERT INTO BOOK_COPIES VALUES("1902618351",2,1);
INSERT INTO BOOK_COPIES VALUES("1902618351",3,3);
INSERT INTO BOOK_COPIES VALUES("1902618351",4,4);
INSERT INTO BOOK_COPIES VALUES("1902618351",5,1);
INSERT INTO BOOK_COPIES VALUES("0850668093",1,0);
INSERT INTO BOOK_COPIES VALUES("0850668093",2,3);
INSERT INTO BOOK_COPIES VALUES("0850668093",3,2);
INSERT INTO BOOK_COPIES VALUES("0850668093",4,4);
INSERT INTO BOOK_COPIES VALUES("0850668093",5,3);
INSERT INTO BOOK_COPIES VALUES("0590262540",1,2);
INSERT INTO BOOK_COPIES VALUES("0590262540",2,4);
INSERT INTO BOOK_COPIES VALUES("0590262540",3,1);
INSERT INTO BOOK_COPIES VALUES("0590262540",4,0);
INSERT INTO BOOK_COPIES VALUES("0590262540",5,2);
INSERT INTO BOOK_COPIES VALUES("0590494414",1,1);
INSERT INTO BOOK_COPIES VALUES("0590494414",2,1);
INSERT INTO BOOK_COPIES VALUES("0590494414",3,0);
INSERT INTO BOOK_COPIES VALUES("0590494414",4,1);
INSERT INTO BOOK_COPIES VALUES("0590494414",5,2);
INSERT INTO BOOK_COPIES VALUES("0590494368",1,3);
INSERT INTO BOOK_COPIES VALUES("0590494368",2,3);
INSERT INTO BOOK_COPIES VALUES("0590494368",3,1);
INSERT INTO BOOK_COPIES VALUES("0590494368",4,1);
INSERT INTO BOOK_COPIES VALUES("0590494368",5,4);
INSERT INTO BOOK_COPIES VALUES("0911625607",1,2);
INSERT INTO BOOK_COPIES VALUES("0911625607",2,2);
INSERT INTO BOOK_COPIES VALUES("0911625607",3,0);
INSERT INTO BOOK_COPIES VALUES("0911625607",4,4);
INSERT INTO BOOK_COPIES VALUES("0911625607",5,2);
INSERT INTO BOOK_COPIES VALUES("0911625852",1,0);
INSERT INTO BOOK_COPIES VALUES("0911625852",2,2);
INSERT INTO BOOK_COPIES VALUES("0911625852",3,1);
INSERT INTO BOOK_COPIES VALUES("0911625852",4,1);
INSERT INTO BOOK_COPIES VALUES("0911625852",5,0);
INSERT INTO BOOK_COPIES VALUES("0911625291",1,3);
INSERT INTO BOOK_COPIES VALUES("0911625291",2,1);
INSERT INTO BOOK_COPIES VALUES("0911625291",3,1);
INSERT INTO BOOK_COPIES VALUES("0911625291",4,0);
INSERT INTO BOOK_COPIES VALUES("0911625291",5,2);
INSERT INTO BOOK_COPIES VALUES("0553102370",1,1);
INSERT INTO BOOK_COPIES VALUES("0553102370",2,3);
INSERT INTO BOOK_COPIES VALUES("0553102370",3,4);
INSERT INTO BOOK_COPIES VALUES("0553102370",4,2);
INSERT INTO BOOK_COPIES VALUES("0553102370",5,3);
INSERT INTO BOOK_COPIES VALUES("0345417623",1,1);
INSERT INTO BOOK_COPIES VALUES("0345417623",2,2);
INSERT INTO BOOK_COPIES VALUES("0345417623",3,0);
INSERT INTO BOOK_COPIES VALUES("0345417623",4,0);
INSERT INTO BOOK_COPIES VALUES("0345417623",5,3);
INSERT INTO BOOK_COPIES VALUES("0689829531",1,1);
INSERT INTO BOOK_COPIES VALUES("0689829531",2,2);
INSERT INTO BOOK_COPIES VALUES("0689829531",3,1);
INSERT INTO BOOK_COPIES VALUES("0689829531",4,2);
INSERT INTO BOOK_COPIES VALUES("0689829531",5,0);
INSERT INTO BOOK_COPIES VALUES("0387987010",1,0);
INSERT INTO BOOK_COPIES VALUES("0387987010",2,0);
INSERT INTO BOOK_COPIES VALUES("0387987010",3,1);
INSERT INTO BOOK_COPIES VALUES("0387987010",4,0);
INSERT INTO BOOK_COPIES VALUES("0387987010",5,3);
INSERT INTO BOOK_COPIES VALUES("0813527406",1,3);
INSERT INTO BOOK_COPIES VALUES("0813527406",2,3);
INSERT INTO BOOK_COPIES VALUES("0813527406",3,3);
INSERT INTO BOOK_COPIES VALUES("0813527406",4,4);
INSERT INTO BOOK_COPIES VALUES("0813527406",5,3);
INSERT INTO BOOK_COPIES VALUES("0060930497",1,1);
INSERT INTO BOOK_COPIES VALUES("0060930497",2,1);
INSERT INTO BOOK_COPIES VALUES("0060930497",3,0);
INSERT INTO BOOK_COPIES VALUES("0060930497",4,3);
INSERT INTO BOOK_COPIES VALUES("0060930497",5,4);
INSERT INTO BOOK_COPIES VALUES("0195148665",1,0);
INSERT INTO BOOK_COPIES VALUES("0195148665",2,1);
INSERT INTO BOOK_COPIES VALUES("0195148665",3,0);
INSERT INTO BOOK_COPIES VALUES("0195148665",4,2);
INSERT INTO BOOK_COPIES VALUES("0195148665",5,2);
INSERT INTO BOOK_COPIES VALUES("0199291144",1,1);
INSERT INTO BOOK_COPIES VALUES("0199291144",2,1);
INSERT INTO BOOK_COPIES VALUES("0199291144",3,1);
INSERT INTO BOOK_COPIES VALUES("0199291144",4,1);
INSERT INTO BOOK_COPIES VALUES("0199291144",5,3);
INSERT INTO BOOK_COPIES VALUES("0192860925",1,2);
INSERT INTO BOOK_COPIES VALUES("0192860925",2,2);
INSERT INTO BOOK_COPIES VALUES("0192860925",3,1);
INSERT INTO BOOK_COPIES VALUES("0192860925",4,1);
INSERT INTO BOOK_COPIES VALUES("0192860925",5,1);